Customer_ID,Product_ID,Region,Sales_Channel,Order_Amount,Delivery_Time,Return_Status,Customer_Complaints,Satisfaction_Score,Previous_Returns,Service_Response,Sales_Risk
1000,151,South,Online,961.84,8,No,0,4,1,27.2,Low
1001,192,East,Online,504.34,2,No,0,2,3,10.6,Medium
1002,114,West,In-store,901.02,7,No,0,1,2,37.8,Medium
1003,171,West,Agent,356.1,8,Yes,0,5,2,9,Low
1004,160,North,Agent,168.97,11,Yes,0,2,3,67.3,High
1005,120,West,In-store,500.62,6,No,0,2,2,14,Medium
1006,182,East,Agent,158.26,5,No,0,4,0,18.9,Low
1007,186,South,Online,511.71,11,No,3,3,1,29.9,High
1008,174,North,Agent,924.28,9,No,0,3,1,28.2,Low
1009,174,North,Online,544.73,13,No,0,2,1,57.4,High
1010,187,South,In-store,635.67,3,No,0,1,0,33.4,Medium
1011,199,West,Online,198.81,12,No,0,5,0,13.1,Medium
1012,123,South,Agent,91.55,13,Yes,1,5,0,20,Medium
1013,102,West,Agent,155.27,13,No,0,1,3,37.1,High
1014,121,South,Agent,618.6,10,Yes,0,2,0,11.5,Medium
1015,152,East,In-store,140.26,4,Yes,0,5,2,44.4,Low
1016,101,West,In-store,407.19,9,No,0,3,3,41.2,Low
1017,187,East,Agent,572.59,6,No,0,1,3,51.7,Medium
1018,129,North,Online,419.22,8,No,0,4,3,67.6,Low
1019,137,South,In-store,205.5,7,No,0,2,0,65.8,Medium
1020,101,North,Agent,310.1,11,No,1,1,3,68.2,High
1021,163,North,Agent,931.9,2,No,1,5,0,18.4,Low
1022,159,North,In-store,692.18,3,Yes,0,2,0,10.3,Medium
1023,120,North,In-store,521.25,1,No,0,3,3,22.5,Low
1024,132,South,In-store,62.08,9,No,0,2,1,64.6,Medium
1025,175,North,Online,992.79,13,No,0,2,1,70,High
1026,157,South,Online,687.88,7,Yes,1,3,3,62,Low
1027,121,South,Agent,351.08,1,No,0,3,1,8.8,Low
1028,188,East,In-store,885.31,3,No,0,2,2,68.3,Medium
1029,148,West,Online,295.51,4,No,1,3,2,31.1,Low
1030,190,West,In-store,566.82,4,No,0,1,0,1.7,Medium
1031,158,South,Agent,654.27,5,No,0,3,1,32.4,Low
1032,141,East,Online,260.01,14,No,2,3,2,4.3,Medium
1033,191,South,Online,979.48,3,No,2,2,3,39.6,Medium
1034,159,South,Online,760.78,3,No,0,1,1,25,Medium
1035,179,South,Agent,579.92,1,No,0,4,2,34.6,Low
1036,114,East,In-store,221.56,7,No,1,4,2,44.5,Low
1037,161,West,Online,101.17,11,No,1,5,3,62.7,Medium
1038,161,East,Agent,354.06,10,No,1,3,0,48,Low
1039,146,North,In-store,765.53,14,No,0,3,3,31.8,Medium
1040,161,East,Agent,305.86,1,No,2,1,0,59.2,Medium
1041,150,East,In-store,562.58,2,No,0,4,2,65.3,Low
1042,154,East,Agent,741.55,13,No,1,5,0,9.5,Medium
1043,163,East,In-store,152.55,4,No,0,1,2,38.8,Medium
1044,102,West,Online,701.03,13,No,0,3,2,21.2,Medium
1045,150,North,In-store,137.28,4,No,0,4,1,4.3,Low
1046,106,West,Agent,966.87,5,No,0,5,0,48.5,Low
1047,120,West,Agent,513.97,11,No,1,2,0,62.3,High
1048,172,East,In-store,193.14,2,No,1,4,0,12.6,Low
1049,138,South,Online,375.26,4,No,0,5,3,58.7,Low
1050,117,South,Online,442.75,1,No,0,1,1,61.6,Medium
1051,103,West,In-store,770.28,2,No,4,2,1,65.9,High
1052,188,West,In-store,756.25,1,Yes,0,5,1,19.8,Low
1053,159,East,Agent,631.34,10,No,1,5,3,65.2,Low
1054,113,West,Online,150.63,10,No,0,3,0,23.8,Low
1055,108,East,In-store,193.99,13,No,0,4,0,40.2,Medium
1056,189,South,Online,139.07,4,No,0,3,0,4.6,Low
1057,152,South,In-store,598.31,4,No,0,2,1,4.1,Medium
1058,101,North,In-store,883.28,7,Yes,0,5,1,52.1,Low
1059,183,South,Online,462.11,10,No,0,3,2,32.6,Low
1060,191,West,In-store,202.81,11,No,0,4,3,19.2,Medium
1061,159,South,In-store,580.14,11,No,0,2,3,14.5,High
1062,170,East,Agent,821.16,9,No,0,1,1,48.6,Medium
1063,143,South,In-store,754.63,9,No,1,3,2,1,Low
1064,107,North,In-store,887.38,5,Yes,0,2,0,58.2,Medium
1065,146,South,In-store,314.01,10,No,1,1,1,6.6,Medium
1066,134,East,Agent,234.26,1,No,0,3,3,14.6,Low
1067,177,East,Online,885.83,1,Yes,1,2,3,28.4,Medium
1068,180,West,Agent,674.68,6,No,1,2,3,35.4,Medium
1069,135,South,Agent,345.38,2,No,1,3,0,26.2,Low
1070,149,East,Online,755.23,8,No,0,2,3,23.8,Medium
1071,103,North,Agent,824.36,13,No,0,5,0,69.4,Medium
1072,101,West,Online,634.23,9,Yes,0,3,0,46.6,Low
1073,105,North,Agent,703.49,13,Yes,0,2,0,2.7,High
1074,153,South,Online,406.5,4,No,0,1,1,31.5,Medium
1075,103,South,In-store,561.76,5,No,0,1,0,63.1,Medium
1076,153,South,Agent,547.95,11,No,0,5,2,22.4,Medium
1077,192,West,Agent,855.65,8,No,0,3,3,7.7,Low
1078,162,East,Agent,847.97,3,No,0,2,1,54.8,Medium
1079,117,West,Agent,841.05,5,No,1,2,3,44,Medium
1080,189,North,In-store,60.48,3,No,0,1,0,41.5,Medium
1081,143,West,Agent,762.07,12,No,1,5,1,4.8,Medium
1082,133,North,In-store,770.74,10,No,0,1,2,11,Medium
1083,173,West,In-store,694.46,3,Yes,0,1,0,45.2,Medium
1084,161,East,In-store,768.45,3,No,1,5,3,15.8,Low
1085,199,North,In-store,849.87,13,No,0,3,2,36.8,Medium
1086,113,South,Online,496.8,12,No,0,2,0,39.7,High
1087,194,South,Online,526.95,7,No,1,3,2,21.1,Low
1088,147,West,Agent,168.48,7,No,0,4,0,68.3,Low
1089,114,South,Online,416.11,7,No,1,4,1,60.8,Low
1090,171,North,Online,661.2,10,Yes,1,4,0,52.3,Low
1091,177,South,Agent,791.38,8,Yes,1,5,1,6.5,Low
1092,186,East,Agent,256.35,5,No,2,1,0,8.5,Medium
1093,161,East,Agent,180.93,5,Yes,0,3,0,36,Low
1094,139,West,Online,679.89,14,No,0,2,3,12.4,High
1095,184,North,Online,51.79,4,No,0,4,2,70.5,Low
1096,179,East,Agent,219.45,7,No,0,3,2,12.3,Low
1097,181,East,In-store,77.62,10,No,0,4,2,35.6,Low
1098,152,North,Agent,208.54,4,No,0,4,0,26.9,Low
1099,123,South,In-store,222.25,2,No,0,2,0,46.4,Medium
1100,125,South,In-store,418.29,4,No,0,5,0,10.2,Low
1101,188,West,Agent,432.21,13,Yes,1,1,1,31.6,High
1102,159,South,Agent,880.55,13,No,0,5,1,20.5,Medium
1103,140,North,Agent,534.6,8,No,0,3,3,64,Low
1104,128,East,Online,737.23,9,No,0,5,0,3.9,Low
1105,114,South,In-store,148.93,3,No,0,3,2,65.9,Low
1106,144,West,Online,264.17,7,Yes,0,3,2,60.1,Low
1107,164,South,Online,717.8,14,No,0,1,3,22.1,High
1108,188,North,Agent,100.16,12,No,1,2,2,57,High
1109,170,West,Online,512.27,14,No,1,1,3,3.2,High
1110,108,South,Agent,619.4,9,No,2,5,0,69.6,Low
1111,187,West,In-store,622.04,11,No,0,3,2,38.4,Medium
1112,100,North,Agent,71.79,4,Yes,1,4,0,22.5,Low
1113,107,East,Online,356,10,No,0,4,1,26.7,Low
1114,187,North,Online,654.67,3,Yes,1,3,2,5.7,Low
1115,162,North,Agent,191.55,5,No,3,1,1,71.2,High
1116,110,North,Agent,710.64,1,No,1,2,2,3.8,Medium
1117,180,North,Online,758.63,3,No,0,1,0,47.5,Medium
1118,107,East,In-store,982.87,8,No,1,3,3,32.4,Low
1119,134,East,In-store,249.35,11,Yes,0,3,0,68.4,Medium
1120,134,West,Agent,833.87,8,No,0,2,0,18.5,Medium
1121,132,South,In-store,544.28,13,Yes,1,5,0,38.8,Medium
1122,104,East,Online,404.79,4,No,1,5,2,35.2,Low
1123,140,East,Agent,166.26,2,No,1,2,3,50.9,Medium
1124,127,South,Online,748.73,13,No,0,5,1,5.8,Medium
1125,106,East,Online,274.06,8,No,0,4,0,14.8,Low
1126,172,North,In-store,402.85,8,Yes,0,5,2,16.2,Low
1127,171,North,Agent,109.42,10,Yes,2,5,1,53.4,Low
1128,111,South,Agent,811.3,4,Yes,0,5,0,14.4,Low
1129,133,West,In-store,778.26,3,No,1,4,1,41.7,Low
1130,132,West,Online,746.94,2,No,2,5,0,16.3,Low
1131,147,South,Online,334.47,9,No,0,4,1,62.2,Low
1132,122,South,Online,214.81,1,No,1,2,1,67.9,Medium
1133,161,North,Online,655.68,7,No,0,1,3,37.8,Medium
1134,187,West,Agent,521.36,5,No,0,2,3,26,Medium
1135,136,East,Agent,219.34,8,No,0,1,0,17.6,Medium
1136,198,North,In-store,701.62,4,No,0,2,2,4.5,Medium
1137,143,South,In-store,991.57,7,No,0,1,3,20.1,Medium
1138,185,West,Agent,759.86,13,Yes,1,1,1,47.5,High
1139,190,East,Agent,752.99,5,No,0,3,3,38.9,Low
1140,134,East,Online,952.8,14,No,0,1,3,68,High
1141,164,North,Online,242.79,5,No,0,1,0,29.1,Medium
1142,198,West,In-store,587.27,14,Yes,0,3,3,50.3,Medium
1143,146,West,Agent,980.66,9,No,2,5,3,35.7,Low
1144,177,South,In-store,207.03,9,No,2,5,1,37.4,Low
1145,102,West,Agent,715.24,13,Yes,0,3,3,20,Medium
1146,100,West,Online,606.52,9,No,1,4,1,33.3,Low
1147,104,North,In-store,607.16,12,No,0,1,3,34.4,High
1148,189,West,In-store,712.79,6,Yes,0,1,3,51.2,Medium
1149,113,East,Agent,933.14,6,Yes,0,3,2,67.8,Low
1150,126,North,Online,793.45,5,No,0,3,3,24.4,Low
1151,108,North,In-store,103.33,9,No,0,4,1,4,Low
1152,178,South,Online,860.09,10,No,0,5,1,36.2,Low
1153,114,West,In-store,264.26,8,No,2,2,0,39.7,Medium
1154,189,South,Online,408.07,7,Yes,2,5,0,13,Low
1155,141,East,Agent,488.65,7,No,0,1,2,55,Medium
1156,176,North,In-store,506.86,6,No,2,3,1,70.9,Low
1157,150,North,In-store,463.42,5,Yes,0,4,1,68.2,Low
1158,162,North,Online,940.49,13,No,0,5,1,15,Medium
1159,195,East,Online,720.72,4,No,1,4,2,63.2,Low
1160,151,East,In-store,649.61,3,No,0,5,1,51,Low
1161,195,South,Agent,97.35,3,Yes,0,1,0,33.2,Medium
1162,103,South,Online,908.72,6,No,2,2,2,39.4,Medium
1163,193,South,Online,913.92,4,No,1,4,0,61.3,Low
1164,122,West,Online,791.2,12,No,1,4,0,35.1,Medium
1165,114,North,In-store,56.68,12,Yes,2,2,2,27.5,High
1166,142,North,In-store,104.42,6,No,1,4,3,36,Low
1167,128,South,In-store,263.96,3,No,1,4,3,42.1,Low
1168,135,North,In-store,174.78,4,No,1,5,0,14.4,Low
1169,112,South,Agent,428.89,9,No,1,5,3,65,Low
1170,131,West,Agent,926.49,5,No,0,2,1,48.9,Medium
1171,170,West,In-store,498.46,13,No,1,1,2,46,High
1172,158,East,Agent,62.73,7,No,1,4,0,8.1,Low
1173,185,West,Online,318.61,10,No,0,1,1,43.9,Medium
1174,127,South,Online,92.37,2,No,1,2,3,9.6,Medium
1175,165,West,Online,84.47,14,No,0,2,1,6.6,High
1176,141,East,In-store,311.93,14,No,1,5,3,38.4,Medium
1177,144,North,Online,311.83,5,No,0,4,0,29.6,Low
1178,161,South,Agent,797.77,9,No,0,3,1,42.8,Low
1179,156,North,In-store,976.09,11,Yes,2,2,2,7.3,High
1180,105,East,Agent,402.65,3,No,0,4,0,31.6,Low
1181,127,East,Online,457.44,14,No,1,1,1,13.4,High
1182,127,East,Online,852.55,9,No,1,5,1,71.1,Low
1183,143,North,Online,304.73,14,No,2,1,3,40.8,High
1184,183,North,In-store,198.56,11,No,0,2,0,49.8,High
1185,129,North,Agent,860.44,6,No,1,2,0,24.1,Medium
1186,161,North,In-store,94.18,4,No,2,1,0,7.7,Medium
1187,174,East,In-store,638.71,7,No,0,2,0,70.3,Medium
1188,191,East,Online,583.89,8,No,0,4,3,21.3,Low
1189,188,South,In-store,378.62,6,No,1,2,2,31.1,Medium
1190,161,South,In-store,349.43,5,No,1,5,0,47.1,Low
1191,196,North,Online,783.26,6,Yes,0,4,3,2.8,Low
1192,100,West,In-store,132.1,5,Yes,0,3,2,58.5,Low
1193,126,West,Online,274.95,8,No,0,2,2,39.1,Medium
1194,161,East,Online,745.83,1,Yes,1,2,3,20.8,Medium
1195,176,East,Online,570.9,11,No,0,5,0,5.4,Medium
1196,102,East,Online,171.59,7,No,0,5,2,12.5,Low
1197,169,South,In-store,888.03,10,No,0,1,0,64.5,Medium
1198,171,South,Online,423.78,10,No,0,1,0,49.7,Medium
1199,126,East,Online,836.47,11,No,1,1,1,18.7,High
1200,108,East,In-store,798.33,2,No,0,5,0,5.7,Low
1201,161,East,In-store,643.2,14,No,0,1,1,50,High
1202,136,West,Agent,519.76,9,No,1,1,2,41.6,Medium
1203,196,South,In-store,980.57,1,Yes,0,3,3,29.7,Low
1204,150,West,In-store,187.72,11,No,1,1,1,26.8,High
1205,143,West,Agent,738.9,10,Yes,0,2,3,16.4,Medium
1206,123,East,In-store,231.63,6,No,0,5,2,48.5,Low
1207,178,East,In-store,371.35,9,No,1,4,0,69.9,Low
1208,158,North,In-store,343.26,1,Yes,1,3,2,13.5,Low
1209,131,North,In-store,949.68,4,No,0,5,3,43.4,Low
1210,195,West,Agent,968.99,4,No,0,5,2,31.1,Low
1211,187,South,In-store,223.86,9,No,0,2,0,32.7,Medium
1212,151,East,In-store,70.93,11,No,1,1,2,19,High
1213,161,East,Agent,734.01,5,No,0,2,0,59.6,Medium
1214,157,West,Online,447.09,5,Yes,0,1,1,35.5,Medium
1215,151,North,Agent,134.4,6,No,1,1,3,39.6,Medium
1216,111,South,Online,699.57,1,No,1,5,0,22.6,Low
1217,138,North,Agent,567.85,1,No,0,1,0,13.9,Medium
1218,101,North,Agent,981.49,9,Yes,0,3,2,7.1,Low
1219,102,North,In-store,266.04,3,No,0,3,1,51.7,Low
1220,155,North,Online,433.78,4,No,0,3,0,14.9,Low
1221,180,East,In-store,565.42,1,No,0,5,1,50,Low
1222,158,East,Online,802.11,9,Yes,2,2,1,28.7,Medium
1223,101,North,Agent,571.4,8,No,0,4,2,30.5,Low
1224,101,South,Agent,632.26,2,No,0,1,0,34.3,Medium
1225,191,West,Online,264.84,8,No,0,4,2,27.1,Low
1226,153,South,In-store,854.57,7,No,2,2,3,8.1,Medium
1227,186,South,In-store,457.2,11,No,0,2,3,23,High
1228,195,South,In-store,183.91,6,No,0,5,0,48.1,Low
1229,196,North,In-store,680.98,1,Yes,0,3,1,48.3,Low
1230,100,East,Agent,255.29,7,No,0,3,0,21.3,Low
1231,118,South,Agent,142.68,10,No,1,2,0,33.7,Medium
1232,101,North,Agent,868.89,7,No,0,5,3,14.7,Low
1233,152,South,Agent,487.15,13,No,0,5,3,15.9,Medium
1234,143,South,Agent,761.82,14,Yes,1,1,1,2.6,High
1235,189,North,In-store,326.06,9,No,0,3,1,64.7,Low
1236,131,East,In-store,797.62,1,No,0,2,0,16,Medium
1237,169,East,In-store,156.34,2,Yes,0,4,2,17.2,Low
1238,131,West,In-store,388.17,11,No,0,3,0,20.9,Medium
1239,167,North,Agent,979.16,9,No,1,1,1,10,Medium
1240,154,West,Agent,804.29,13,Yes,0,5,2,46.4,Medium
1241,174,West,Agent,522.39,9,No,1,2,3,6.3,Medium
1242,155,West,Online,372.79,13,No,2,3,1,10.5,Medium
1243,116,East,In-store,878.53,6,No,1,4,1,46.8,Low
1244,137,North,In-store,567.61,6,No,1,1,2,25.1,Medium
1245,123,West,Agent,770.5,4,No,2,1,1,51.3,Medium
1246,168,North,In-store,766.4,4,No,0,3,1,40.6,Low
1247,197,North,In-store,67.05,5,No,2,4,1,19.2,Low
1248,169,East,Agent,169.94,3,Yes,1,1,1,47.2,Medium
1249,185,West,Online,676.65,1,No,0,2,1,9.3,Medium
1250,110,West,Online,203.54,1,No,0,1,1,39.1,Medium
1251,115,North,Online,292.72,12,No,0,4,1,32,Medium
1252,196,South,Agent,949.31,13,No,1,5,1,20,Medium
1253,172,East,In-store,582.17,7,No,1,5,3,43.9,Low
1254,158,East,Agent,763.19,1,No,0,3,1,62.9,Low
1255,169,East,Agent,580.08,1,No,0,4,3,71.9,Low
1256,179,East,In-store,574.89,3,Yes,0,1,3,44.2,Medium
1257,192,West,Online,139.44,10,Yes,0,1,0,29.7,Medium
1258,102,West,Online,376.48,4,No,0,5,0,17,Low
1259,119,South,Agent,318.31,4,No,0,5,3,19.3,Low
1260,158,East,Online,421.19,2,No,0,2,3,35,Medium
1261,135,East,Agent,808.43,1,No,0,5,1,27.1,Low
1262,118,North,Agent,403.34,3,No,0,2,0,65.9,Medium
1263,189,West,In-store,479.11,11,No,2,1,2,27.1,High
1264,166,East,In-store,427.51,4,No,0,2,0,27.5,Medium
1265,118,South,In-store,138.74,3,Yes,0,2,3,28.2,Medium
1266,119,South,Agent,469.02,8,Yes,1,3,3,60.4,Low
1267,195,West,In-store,235.83,14,No,0,5,1,47.2,Medium
1268,170,South,Online,227.39,10,No,0,2,1,44.6,Medium
1269,151,South,Online,139.33,1,No,0,1,0,24.7,Medium
1270,132,West,Agent,388.84,14,Yes,0,4,1,59.1,Medium
1271,139,East,Agent,769.61,2,Yes,1,2,2,3.7,Medium
1272,138,East,In-store,312.62,13,No,1,5,2,62.8,Medium
1273,181,South,Agent,346.73,7,No,0,3,1,37.4,Low
1274,100,South,Agent,660.54,4,Yes,1,1,2,29.3,Medium
1275,110,East,Online,236.05,8,No,1,3,2,36.3,Low
1276,191,West,Online,902.11,11,Yes,0,4,0,48.4,Medium
1277,156,South,In-store,544.18,13,No,1,2,2,1.9,High
1278,188,North,Agent,475.22,3,No,1,2,3,62.9,Medium
1279,149,West,Agent,579.93,6,Yes,1,5,3,32.7,Low
1280,122,South,Online,207.73,9,No,0,2,0,25.4,Medium
1281,130,South,Agent,632.8,1,No,3,1,1,10.8,High
1282,193,North,Online,394.95,1,No,1,4,0,32.2,Low
1283,141,North,In-store,902.33,8,No,0,3,1,36.2,Low
1284,198,East,Online,210.41,3,Yes,0,4,1,29.7,Low
1285,106,West,Agent,531.7,5,No,0,2,1,49.2,Medium
1286,115,West,In-store,618.21,1,No,0,3,1,30.9,Low
1287,189,East,Online,81.71,5,No,0,5,1,69.3,Low
1288,159,West,Online,395.51,11,No,0,4,0,43.5,Medium
1289,101,West,In-store,746,6,No,1,3,1,58.3,Low
1290,100,West,In-store,829.36,8,No,0,3,2,8.8,Low
1291,147,West,Online,347.5,13,Yes,0,3,2,29.2,Medium
1292,111,West,Agent,808.66,14,Yes,1,1,1,24.9,High
1293,168,North,Online,969.37,3,No,1,4,2,41.4,Low
1294,136,West,In-store,864.03,3,No,0,3,3,62.1,Low
1295,131,North,Online,161.76,12,No,0,4,0,6.6,Medium
1296,108,West,In-store,752.74,11,No,0,3,0,6.2,Medium
1297,198,East,In-store,353.68,11,No,0,5,1,61.4,Medium
1298,118,South,Agent,989,10,Yes,0,5,1,16.1,Low
1299,147,North,In-store,511.09,9,No,0,5,3,48.5,Low
1300,179,West,In-store,166.31,4,No,2,2,1,39.5,Medium
1301,102,East,Agent,738.93,4,No,0,3,2,60.1,Low
1302,119,South,In-store,356.86,12,No,0,2,3,9.9,High
1303,123,North,Agent,997.22,7,No,0,4,2,10.2,Low
1304,153,South,Agent,980.79,2,No,1,2,0,40.5,Medium
1305,132,East,In-store,673.33,8,No,1,4,2,68.2,Low
1306,123,North,In-store,173.34,6,No,1,4,0,30.5,Low
1307,174,South,Online,702.52,3,No,1,4,2,24.2,Low
1308,171,West,Agent,138.38,9,No,1,2,0,44.1,Medium
1309,135,North,Online,77.9,5,No,0,3,1,67.1,Low
1310,137,South,In-store,831.81,8,No,3,2,2,60.4,High
1311,183,East,Online,249.27,7,No,1,3,0,71.7,Low
1312,198,East,Agent,410.08,14,No,0,3,2,2.6,Medium
1313,188,North,Online,974.78,8,Yes,0,4,3,9,Low
1314,198,South,Agent,370,7,No,1,2,1,44.3,Medium
1315,124,North,In-store,331.67,3,No,0,3,0,59.3,Low
1316,192,North,In-store,922.3,2,No,0,5,3,21.3,Low
1317,117,South,Agent,155.21,7,No,1,3,2,18,Low
1318,181,South,In-store,771.6,3,No,0,5,3,56.9,Low
1319,165,West,In-store,988.66,3,No,0,2,2,5,Medium
1320,153,South,In-store,906.23,2,Yes,0,2,1,27.2,Medium
1321,134,East,In-store,669.08,4,No,0,2,3,36.9,Medium
1322,179,North,Agent,348.36,8,No,1,3,1,40.8,Low
1323,160,North,Online,291.61,12,No,1,1,0,52.7,High
1324,140,East,Online,828.29,1,No,1,3,2,26.2,Low
1325,199,South,In-store,885.83,1,No,0,3,2,44.5,Low
1326,132,East,Online,549.16,12,Yes,1,4,1,42.6,Medium
1327,167,East,Online,282.12,14,No,0,4,1,39.9,Medium
1328,132,West,In-store,157.3,5,No,1,3,0,46.5,Low
1329,113,East,In-store,132.82,11,Yes,1,5,3,19.4,Medium
1330,120,North,Online,733.12,5,Yes,1,4,2,7,Low
1331,147,East,Agent,449.11,11,Yes,0,3,2,9.5,Medium
1332,119,North,In-store,910.09,12,No,1,1,0,16.9,High
1333,107,North,Agent,752.69,1,Yes,0,5,0,36.5,Low
1334,106,North,Online,231.7,6,No,0,2,1,60.7,Medium
1335,166,South,In-store,633.09,1,No,0,3,1,50.8,Low
1336,116,West,Agent,463.73,5,No,0,3,3,57,Low
1337,132,North,In-store,598.39,9,No,0,5,0,25.9,Low
1338,147,North,Online,751.17,12,No,1,4,3,29.7,Medium
1339,175,South,Agent,815.89,14,No,0,4,0,29,Medium
1340,158,North,Online,851.55,5,No,0,4,2,14.6,Low
1341,185,East,Online,291.28,6,No,0,2,0,5.3,Medium
1342,121,East,In-store,79.56,8,No,1,5,0,43,Low
1343,129,West,Agent,752.33,11,No,1,5,2,71.2,Medium
1344,137,North,Online,151.03,1,No,1,4,0,12.8,Low
1345,150,South,Online,349.17,14,No,1,4,3,4.3,Medium
1346,153,East,Agent,53.63,2,Yes,0,1,1,56.3,Medium
1347,107,South,Online,697.59,9,Yes,0,1,1,18.9,Medium
1348,126,South,Online,208.78,3,No,0,3,3,59.9,Low
1349,126,East,Agent,672.52,6,No,1,3,2,51,Low
1350,197,South,Agent,992.16,5,No,0,5,0,68.1,Low
1351,120,East,Agent,119.04,11,No,1,5,3,30,Medium
1352,129,South,Agent,123.22,2,No,2,2,1,48,Medium
1353,196,East,In-store,373.36,14,No,1,2,1,34,High
1354,127,North,Agent,873.07,7,No,0,1,3,45.8,Medium
1355,163,West,In-store,254.75,4,No,0,3,1,32.9,Low
1356,196,East,In-store,392.36,1,No,0,1,3,14.4,Medium
1357,168,East,In-store,115.08,13,No,2,1,1,37.1,High
1358,160,West,Online,775,4,Yes,0,3,3,38.5,Low
1359,147,East,In-store,437.89,6,Yes,1,2,0,58.6,Medium
1360,118,East,In-store,771.29,7,No,0,3,0,53.2,Low
1361,103,South,Online,908.43,7,No,0,4,0,48.1,Low
1362,134,West,Online,271.12,14,No,1,4,0,9.1,Medium
1363,163,North,Online,817.03,7,Yes,2,4,1,52.2,Low
1364,148,East,Agent,106.14,3,No,0,5,2,36.5,Low
1365,116,West,Online,903.91,6,No,1,2,3,64.5,Medium
1366,143,South,Online,668.23,13,No,2,2,2,66.3,High
1367,191,North,In-store,880.52,8,No,1,5,1,4.9,Low
1368,129,West,Online,50.18,4,No,1,1,1,59.3,Medium
1369,192,North,Agent,210.63,13,No,0,4,2,3.7,Medium
1370,145,North,Online,420.27,8,No,0,4,2,27.1,Low
1371,105,North,Agent,410.53,2,Yes,1,1,1,39.5,Medium
1372,198,East,Online,265.39,10,Yes,1,3,1,11.5,Low
1373,136,East,Online,412.53,9,No,1,3,3,54,Low
1374,123,South,Online,172.41,9,No,1,2,0,1.6,Medium
1375,192,South,Online,442.12,8,No,0,5,0,13,Low
1376,145,West,Agent,812.24,10,No,0,2,3,42.2,Medium
1377,152,South,Agent,505.12,14,No,1,3,2,51.7,Medium
1378,194,North,In-store,67.1,13,No,0,1,1,66.1,High
1379,198,North,Agent,450.37,10,No,3,2,2,51.1,High
1380,159,East,Online,75.82,1,No,0,4,0,48.7,Low
1381,196,North,In-store,967.93,2,No,1,4,0,29,Low
1382,162,West,In-store,171.08,6,No,1,1,2,1.1,Medium
1383,184,North,In-store,722.3,10,No,0,3,0,9.5,Low
1384,131,North,Online,974.14,5,No,0,4,1,39,Low
1385,186,West,Agent,834.74,12,Yes,0,4,3,48.9,Medium
1386,132,South,Online,714.35,14,No,0,5,2,30.6,Medium
1387,166,South,In-store,847.49,9,No,0,2,1,52.9,Medium
1388,117,West,Online,982.71,5,Yes,1,3,1,38.1,Low
1389,124,East,Online,640.28,2,No,1,2,0,6.3,Medium
1390,194,North,Agent,581.23,10,No,0,3,1,14.6,Low
1391,153,West,Agent,646.83,4,Yes,0,4,2,60.6,Low
1392,157,North,In-store,556.04,9,No,1,5,1,52.5,Low
1393,166,East,Online,653.33,1,No,1,2,3,64.5,Medium
1394,145,North,Online,477.35,11,Yes,1,4,1,9.3,Medium
1395,123,West,Agent,257.52,1,No,0,3,1,71.3,Low
1396,131,North,Online,164.23,12,No,1,2,3,15.9,High
1397,146,South,Online,114.92,7,Yes,1,2,1,1.8,Medium
1398,185,East,Online,300.15,11,No,0,4,1,71.8,Medium
1399,122,East,Agent,93.82,3,No,1,2,0,21,Medium
1400,165,East,In-store,588.81,10,Yes,0,5,2,48.4,Low
1401,126,West,In-store,319.64,2,Yes,0,5,0,13.5,Low
1402,101,East,Online,833.31,9,No,1,4,2,42.2,Low
1403,189,South,In-store,120.53,3,No,1,3,3,65.2,Low
1404,116,West,Agent,265.03,2,No,2,4,3,23.7,Low
1405,132,South,Agent,743.73,12,No,0,5,3,48.6,Medium
1406,108,North,In-store,618.87,8,No,0,1,2,14.3,Medium
1407,142,North,In-store,111.27,10,No,1,1,2,45.4,Medium
1408,147,North,Online,883.38,6,No,1,2,2,24.9,Medium
1409,138,North,In-store,883.4,6,No,0,2,3,16,Medium
1410,192,South,Online,363.89,10,No,0,1,2,23.2,Medium
1411,141,West,Online,373.39,11,Yes,0,5,1,13.7,Medium
1412,125,West,Agent,989.58,7,Yes,0,2,0,65,Medium
1413,198,East,Agent,644.87,7,No,1,4,3,29.2,Low
1414,149,South,Agent,554.75,11,No,0,4,0,18.4,Medium
1415,124,North,Agent,846.24,13,No,3,5,1,32.8,High
1416,123,South,In-store,321.03,6,No,0,2,2,23.8,Medium
1417,112,East,Agent,457.72,4,No,0,4,0,53.9,Low
1418,159,East,In-store,304.39,11,No,1,2,1,70,High
1419,106,South,Agent,799.7,9,No,0,2,1,32.1,Medium
1420,156,South,In-store,594.68,6,No,0,4,0,62.1,Low
1421,135,South,Online,675.88,4,No,0,1,3,41.2,Medium
1422,144,West,In-store,289.69,12,No,0,4,0,12.2,Medium
1423,119,North,In-store,259.21,3,No,0,5,3,50,Low
1424,164,South,Agent,513.96,4,No,0,3,2,37.5,Low
1425,107,South,In-store,750.69,3,No,1,4,3,47.2,Low
1426,115,South,Online,548.98,2,No,2,2,2,64.2,Medium
1427,113,East,Online,81.01,14,No,0,2,0,32.3,High
1428,175,East,Agent,875.12,5,Yes,0,4,2,65,Low
1429,186,West,Online,111.45,2,No,1,3,1,54.3,Low
1430,114,North,In-store,958.03,6,No,0,4,2,35.7,Low
1431,191,West,Online,73.88,3,No,0,3,3,43.8,Low
1432,197,North,Agent,709.73,6,No,0,3,3,24.1,Low
1433,165,East,In-store,128.1,11,No,0,5,3,70.8,Medium
1434,131,East,Agent,915.14,10,No,0,2,2,48.4,Medium
1435,186,East,In-store,491.21,9,No,0,2,3,4.1,Medium
1436,162,West,Online,180.65,1,No,1,3,3,24.2,Low
1437,185,South,Agent,373.77,6,No,0,2,1,45.3,Medium
1438,150,South,Agent,206.58,9,No,0,1,2,5,Medium
1439,124,East,In-store,212.05,11,No,1,3,1,2.7,Medium
1440,157,South,Agent,950.7,4,Yes,0,2,3,33,Medium
1441,162,South,In-store,472.98,11,No,0,1,3,24.6,High
1442,161,West,In-store,799.36,12,No,0,5,3,32.1,Medium
1443,121,North,In-store,657.63,2,No,2,2,2,19.7,Medium
1444,157,East,In-store,692.61,13,Yes,0,1,0,12.7,High
1445,157,East,Online,175.11,4,No,1,4,3,49.9,Low
1446,185,West,In-store,272.48,1,No,0,4,3,37.5,Low
1447,148,West,Agent,797.41,3,Yes,0,1,3,15.2,Medium
1448,151,South,Online,972.23,10,No,1,3,3,23.7,Low
1449,141,East,Agent,299.54,9,No,0,3,2,43,Low
1450,169,North,Online,307.99,10,No,1,2,0,6.1,Medium
1451,114,West,In-store,499.25,5,No,0,4,0,11.5,Low
1452,153,North,Online,984.65,11,Yes,1,3,0,6.2,Medium
1453,159,North,Online,305.51,6,No,1,3,3,58.7,Low
1454,196,East,Agent,436.62,3,Yes,0,4,3,54.4,Low
1455,107,East,Agent,896.91,5,No,0,5,0,54.5,Low
1456,152,West,In-store,52.77,11,No,0,3,0,51.9,Medium
1457,159,East,Online,87.78,8,No,0,1,3,48.5,Medium
1458,104,East,Online,623.87,6,Yes,1,2,3,34.9,Medium
1459,167,East,Online,912.01,4,No,0,3,1,46.6,Low
1460,105,North,In-store,276.91,2,No,0,3,1,3.7,Low
1461,195,West,In-store,496.16,14,No,1,5,1,45.1,Medium
1462,193,South,In-store,477.94,9,No,0,1,0,56.2,Medium
1463,146,North,In-store,499.32,13,No,0,2,2,36.5,High
1464,198,East,In-store,641.39,12,No,0,3,3,26.4,Medium
1465,154,North,Agent,496.26,1,No,0,2,1,20.7,Medium
1466,139,East,Online,475.09,1,No,1,4,2,46.6,Low
1467,151,East,Online,500.57,13,Yes,0,3,3,50.2,Medium
1468,115,North,Online,611.32,4,No,0,3,2,62.8,Low
1469,112,West,Online,560.16,7,No,1,4,0,25.3,Low
1470,129,East,Online,861.43,1,No,0,5,0,55.7,Low
1471,118,West,Online,97.02,9,No,0,3,0,40.9,Low
1472,116,South,Online,841.65,4,Yes,0,2,1,63.7,Medium
1473,162,East,Online,851.73,3,No,0,1,3,38.5,Medium
1474,118,West,Agent,320.66,1,Yes,0,2,0,37.8,Medium
1475,191,West,Online,489.71,10,Yes,0,5,1,42,Low
1476,157,South,Agent,466.61,4,No,0,1,1,54.2,Medium
1477,154,West,In-store,257.58,9,Yes,0,2,1,69.5,Medium
1478,189,West,Online,426.96,13,No,0,2,1,6.2,High
1479,189,South,In-store,92.17,14,Yes,0,4,0,4.8,Medium
1480,161,East,In-store,313.93,10,No,4,5,1,67.6,Medium
1481,122,West,In-store,825.85,6,No,1,4,0,38.6,Low
1482,108,West,Agent,320.33,6,No,1,1,0,44.7,Medium
1483,111,West,In-store,827.3,1,No,0,4,1,35.3,Low
1484,100,North,In-store,555.02,10,No,1,5,0,7.6,Low
1485,157,South,In-store,885.87,2,No,0,3,3,55.5,Low
1486,100,North,Online,596.04,11,No,1,3,3,54.1,Medium
1487,133,South,Online,78.18,6,No,0,1,2,23.1,Medium
1488,195,East,Agent,691.65,2,No,1,3,3,22.7,Low
1489,147,East,Agent,92.61,3,No,0,4,0,60.5,Low
1490,188,West,Online,478.07,4,No,0,1,0,6.1,Medium
1491,100,South,Agent,932.96,11,No,0,5,3,63.6,Medium
1492,115,East,Online,206.94,5,No,1,1,1,19.2,Medium
1493,160,South,In-store,420.38,9,No,0,1,1,43.1,Medium
1494,163,East,In-store,743.37,12,No,0,2,0,67.5,High
1495,162,North,Agent,888.15,4,No,0,2,1,49.1,Medium
1496,168,East,Online,687.4,13,No,1,1,2,30.4,High
1497,121,North,Online,295.26,11,No,0,3,2,50,Medium
1498,192,East,Agent,690.88,9,No,0,2,3,25.4,Medium
1499,166,West,Online,331.89,11,Yes,2,5,3,20.7,Medium
1500,175,North,In-store,732.51,10,No,0,4,1,71.8,Low
1501,125,East,Agent,956.33,3,No,0,2,0,54.3,Medium
1502,115,West,Agent,735.32,8,No,1,1,3,46.8,Medium
1503,150,North,Online,869.74,12,No,1,3,2,26.2,Medium
1504,185,West,Agent,52,1,No,1,4,3,4.5,Low
1505,156,South,Online,731.69,11,No,0,2,3,3.2,High
1506,128,South,Online,838.11,9,No,0,3,2,40.3,Low
1507,177,North,Online,88.53,9,No,0,3,0,55.1,Low
1508,191,East,Online,878.02,10,No,2,3,3,39.2,Low
1509,168,North,Online,293.86,2,No,0,1,3,60.7,Medium
1510,146,West,Agent,682.03,4,No,0,5,3,3.4,Low
1511,193,East,In-store,810.34,13,No,1,3,1,27,Medium
1512,161,South,In-store,679.53,8,No,0,4,3,17.8,Low
1513,168,East,Agent,137.67,7,Yes,1,2,2,32.8,Medium
1514,175,South,Agent,616.51,1,No,0,4,0,6.1,Low
1515,115,East,In-store,572.1,5,Yes,0,1,0,68.7,Medium
1516,189,East,In-store,905.31,7,No,0,1,2,16.9,Medium
1517,189,East,In-store,434.03,4,No,1,4,1,66.5,Low
1518,147,West,In-store,355.03,1,No,0,5,2,31.2,Low
1519,184,West,In-store,762.36,9,No,0,1,0,71,Medium
1520,138,North,Online,442.04,14,No,1,1,2,40.3,High
1521,199,North,Agent,663.79,5,No,0,4,1,67.1,Low
1522,132,South,Online,664.13,11,No,0,1,0,1.4,High
1523,193,West,In-store,893.64,2,No,0,5,1,54.1,Low
1524,122,South,In-store,618.76,8,No,0,5,2,65.1,Low
1525,109,North,In-store,527.05,11,No,2,5,3,10.9,Medium
1526,168,South,Online,181.93,13,No,0,2,2,7.8,High
1527,199,North,Online,159.95,2,No,1,5,1,31.1,Low
1528,133,West,In-store,196.61,3,Yes,1,5,2,67.3,Low
1529,151,East,Online,213.26,14,No,3,2,3,39.5,High
1530,194,West,Online,655.98,10,No,0,3,1,38.4,Low
1531,109,South,In-store,753.93,1,No,1,1,2,11,Medium
1532,118,South,Online,553.49,11,Yes,0,5,1,1.1,Medium
1533,157,West,Agent,837.57,2,No,1,1,1,58.5,Medium
1534,195,West,Agent,991.7,14,Yes,1,4,0,7.2,Medium
1535,100,North,Agent,829.01,7,No,1,1,0,46,Medium
1536,168,South,Agent,710.14,10,No,0,2,1,65.9,Medium
1537,103,South,In-store,555.87,2,No,0,1,2,15.8,Medium
1538,115,West,In-store,476.41,6,No,0,1,2,48.2,Medium
1539,123,East,In-store,130.17,3,No,0,1,2,6.6,Medium
1540,179,South,Agent,429.4,4,Yes,2,3,3,43.9,Low
1541,101,East,Agent,914.63,11,Yes,1,3,1,12.6,Medium
1542,191,West,Online,817.62,13,No,1,4,1,53.3,Medium
1543,131,West,Online,255.25,8,No,1,2,3,22.4,Medium
1544,190,North,Agent,493.28,14,No,1,1,1,33.9,High
1545,183,South,Agent,825.89,3,Yes,0,1,1,43.6,Medium
1546,123,East,Agent,114.02,10,No,1,1,3,13.2,Medium
1547,111,North,Agent,418.02,6,Yes,1,1,0,53.7,Medium
1548,149,South,Online,859.25,1,Yes,1,3,1,22.5,Low
1549,134,North,Agent,433.7,7,No,0,4,3,48,Low
1550,132,West,Online,123.73,8,No,0,5,2,12.2,Low
1551,132,South,Agent,565.41,11,Yes,0,2,0,49.9,High
1552,160,North,Agent,868.66,14,No,0,1,2,10.1,High
1553,150,North,Agent,610.77,8,Yes,0,4,1,31.2,Low
1554,142,East,Online,264.97,3,No,0,5,0,18.6,Low
1555,111,North,Online,415.03,14,No,0,4,3,54.1,Medium
1556,166,South,In-store,477.62,10,Yes,0,3,1,19.6,Low
1557,164,South,Agent,600.3,1,No,1,5,3,63.6,Low
1558,132,East,In-store,771.38,9,No,0,4,0,64.3,Low
1559,139,South,In-store,143.93,13,No,1,3,2,14.9,Medium
1560,173,West,Online,895.17,6,No,1,4,1,44.6,Low
1561,142,South,Online,61.69,11,Yes,0,4,1,7.2,Medium
1562,143,South,In-store,401.55,9,Yes,0,5,3,28.8,Low
1563,128,North,Agent,76.05,7,No,1,3,0,51.6,Low
1564,112,North,Online,423.33,1,No,0,1,3,47.8,Medium
1565,111,South,Agent,549.52,12,Yes,0,2,0,45.4,High
1566,194,East,Agent,536.1,12,No,1,5,1,21.1,Medium
1567,145,North,In-store,207.35,1,Yes,0,3,0,27.8,Low
1568,101,East,In-store,663.45,6,No,2,4,1,8.3,Low
1569,134,South,In-store,92.54,5,No,2,3,0,52.1,Low
1570,186,South,In-store,773.81,9,Yes,0,2,2,36.8,Medium
1571,180,West,Online,949.31,2,No,0,2,0,51.3,Medium
1572,189,North,Online,372.78,8,No,2,1,2,18.7,Medium
1573,107,South,In-store,541.38,11,No,1,1,0,24,High
1574,192,West,Online,409.96,5,No,0,2,0,24.7,Medium
1575,125,North,In-store,56.37,2,No,0,5,3,2.8,Low
1576,173,South,Agent,416.58,13,No,0,5,3,25.2,Medium
1577,189,South,Agent,802.13,10,No,1,4,1,58,Low
1578,133,North,Agent,616.19,11,No,1,1,3,64.7,High
1579,106,North,In-store,146.2,11,No,0,4,0,37.8,Medium
1580,167,North,Agent,854.78,12,No,1,1,3,33.3,High
1581,157,South,Online,554.53,6,Yes,0,2,0,3.2,Medium
1582,174,South,Agent,849.64,10,No,0,5,2,63.4,Low
1583,128,West,Agent,601.21,8,No,1,5,0,1.9,Low
1584,135,East,Agent,581.7,4,No,0,2,1,68.1,Medium
1585,188,North,Online,150,2,No,0,4,2,35.7,Low
1586,120,South,In-store,208.99,12,No,0,4,1,25.3,Medium
1587,135,South,Online,973.42,11,No,1,3,1,66.6,Medium
1588,109,North,In-store,267.06,5,No,0,1,1,2.7,Medium
1589,172,East,In-store,978.58,12,Yes,0,4,3,42.3,Medium
1590,123,North,Agent,555.32,2,No,0,2,1,40,Medium
1591,163,East,In-store,179,2,No,1,4,2,16.6,Low
1592,198,South,Online,144.34,6,No,1,5,0,31.5,Low
1593,148,East,Online,248.42,11,Yes,0,1,1,47.3,High
1594,198,West,In-store,929.36,10,No,1,3,2,52.6,Low
1595,135,South,Agent,443.44,9,No,2,1,1,1.1,Medium
1596,181,West,Agent,425.66,13,Yes,0,5,0,67.5,Medium
1597,195,North,Online,347.55,4,No,1,5,2,12.7,Low
1598,123,North,Agent,189.71,6,No,0,5,2,17.6,Low
1599,122,North,In-store,513.46,7,No,0,5,0,19.7,Low
1600,161,East,In-store,173.55,13,No,0,2,2,3.7,High
1601,195,South,Online,843.71,11,No,1,3,0,9.7,Medium
1602,136,North,In-store,401.88,6,Yes,0,5,2,71,Low
1603,111,North,Online,406.06,8,No,0,5,2,23.4,Low
1604,154,South,In-store,500.31,4,No,0,4,0,9.2,Low
1605,112,North,Online,471.92,12,No,0,3,0,8.6,Medium
1606,122,West,Agent,995.12,1,Yes,1,1,2,52.1,Medium
1607,188,South,In-store,568.11,7,Yes,2,3,2,61.7,Low
1608,198,South,In-store,133.79,3,No,0,3,0,19.2,Low
1609,129,South,Online,626.53,14,No,0,3,3,2.5,Medium
1610,116,West,Online,194.01,6,No,0,5,0,16.8,Low
1611,161,South,In-store,79.39,2,No,2,5,2,5,Low
1612,183,West,Online,972.21,9,Yes,1,2,2,8.3,Medium
1613,188,South,In-store,784.86,1,Yes,1,1,2,31.6,Medium
1614,185,East,Agent,981.1,6,No,0,4,0,17.3,Low
1615,112,North,Online,503.98,6,No,0,3,2,37.6,Low
1616,158,East,In-store,555.64,5,Yes,1,1,3,19,Medium
1617,118,North,Agent,209.92,13,No,0,1,1,67.8,High
1618,148,West,Agent,284.56,5,No,0,2,3,65.3,Medium
1619,199,East,In-store,846.62,1,No,0,4,0,41.2,Low
1620,111,South,Online,388.38,10,No,0,3,2,26.2,Low
1621,160,North,In-store,835.47,12,No,1,4,0,28.1,Medium
1622,118,North,Agent,723.56,5,No,0,2,1,30.2,Medium
1623,175,East,In-store,218.31,2,No,0,5,0,52.7,Low
1624,108,West,Online,532.07,7,No,0,1,2,33.1,Medium
1625,170,East,Agent,693.52,3,No,0,3,1,61.8,Low
1626,127,West,In-store,273.29,13,No,0,5,1,68,Medium
1627,177,West,Online,839.15,4,No,0,2,2,24.9,Medium
1628,194,North,Agent,567.59,3,No,0,4,2,40.8,Low
1629,151,East,Online,206.98,3,No,0,1,2,7.7,Medium
1630,182,East,Agent,603.84,4,Yes,0,3,0,15.2,Low
1631,115,West,In-store,999.73,5,No,2,5,3,30.4,Low
1632,168,East,Online,193,1,No,0,5,0,15.6,Low
1633,198,South,Agent,825.92,4,No,1,1,0,63.2,Medium
1634,111,South,Online,246.94,12,No,2,4,3,12.2,Medium
1635,124,East,Online,793.27,12,Yes,0,2,2,33.4,High
1636,151,East,In-store,747.85,11,No,1,4,2,44,Medium
1637,184,West,Online,335.46,8,Yes,0,4,3,50.1,Low
1638,199,South,Agent,359.53,10,No,0,4,3,28.2,Low
1639,152,South,Agent,802.9,7,No,0,1,0,62.7,Medium
1640,122,North,Agent,488.37,9,No,1,1,1,41.4,Medium
1641,115,West,Agent,744.28,5,No,1,2,3,32.2,Medium
1642,156,North,In-store,190.58,13,No,0,4,0,5.8,Medium
1643,138,South,Online,859.93,10,No,0,1,1,34,Medium
1644,152,West,In-store,725.34,4,No,0,2,2,59.3,Medium
1645,141,East,Online,911.6,8,No,0,2,2,44.6,Medium
1646,157,West,Online,175.75,9,No,2,4,0,60.1,Low
1647,138,East,Online,613.36,13,No,0,3,0,36.1,Medium
1648,113,East,In-store,619.16,7,No,0,4,3,9.4,Low
1649,194,West,Online,385.79,14,No,0,3,2,2,Medium
1650,104,East,In-store,485.54,7,No,1,2,0,22.5,Medium
1651,134,North,Agent,86.08,5,No,1,1,2,50.6,Medium
1652,186,South,Agent,758.57,4,No,0,5,2,57.1,Low
1653,192,East,Online,571.86,14,No,1,2,3,22,High
1654,174,North,In-store,104.85,10,No,0,1,1,36.2,Medium
1655,117,East,Agent,696.72,1,No,0,2,3,30.9,Medium
1656,175,South,In-store,493.44,10,No,0,4,0,30.1,Low
1657,108,North,In-store,82.74,10,No,1,3,3,17.4,Low
1658,173,South,Online,971.13,7,Yes,1,2,3,10.7,Medium
1659,157,South,Agent,951.66,1,No,0,1,2,15,Medium
1660,116,North,Online,537.26,1,Yes,1,4,3,4.9,Low
1661,106,North,Online,138.99,5,No,0,5,0,15.1,Low
1662,145,North,Agent,766.89,13,No,0,4,1,1.7,Medium
1663,112,West,Agent,517.33,9,No,0,3,3,45.5,Low
1664,139,North,In-store,337.33,6,No,0,4,3,23.5,Low
1665,141,North,Agent,516.85,3,No,1,5,1,70.1,Low
1666,108,North,In-store,546.32,13,No,0,1,0,14.8,High
1667,149,North,In-store,584.58,3,No,1,2,0,25.6,Medium
1668,126,East,In-store,469.16,7,Yes,1,3,3,26.4,Low
1669,165,West,Agent,625.47,6,Yes,0,5,2,1.6,Low
1670,104,South,Online,922.8,9,No,1,3,3,60.6,Low
1671,128,North,In-store,394.15,6,No,1,4,1,3.3,Low
1672,136,East,Online,739.43,5,No,0,3,1,67.8,Low
1673,137,East,Online,899.73,10,No,0,5,1,64.3,Low
1674,182,East,Agent,483.18,7,No,0,2,3,39,Medium
1675,107,South,Online,471.28,1,No,1,2,3,39.6,Medium
1676,164,North,Online,622.01,12,No,2,3,0,47.4,Medium
1677,185,West,Agent,611.84,7,No,0,1,2,28.5,Medium
1678,116,West,In-store,816.26,3,No,2,3,3,47,Low
1679,170,East,Online,502.66,14,No,0,4,0,4.2,Medium
1680,188,South,Agent,996.32,9,No,0,2,3,4.8,Medium
1681,144,South,Online,106.5,6,No,1,2,0,33.5,Medium
1682,103,South,Online,53.01,9,No,1,2,0,40,Medium
1683,135,West,In-store,658.19,13,No,0,1,2,64,High
1684,169,East,Online,333.51,5,No,0,1,3,8.4,Medium
1685,130,North,Agent,278.36,7,No,0,5,0,59.4,Low
1686,118,West,Online,346.3,13,No,0,3,1,15.9,Medium
1687,160,East,In-store,293.25,14,No,0,3,1,29,Medium
1688,153,East,In-store,79.25,4,Yes,0,4,1,23.5,Low
1689,138,North,Agent,972.96,7,Yes,0,2,2,29.4,Medium
1690,190,North,In-store,259.71,13,No,0,1,0,11.7,High
1691,173,North,Online,747.33,1,No,1,4,2,36.8,Low
1692,189,South,In-store,774.47,7,Yes,0,4,3,57.9,Low
1693,118,North,Agent,932.79,8,No,0,1,3,32.3,Medium
1694,138,East,In-store,79.02,5,No,1,3,0,35.8,Low
1695,166,North,In-store,878.45,2,No,1,2,1,61.3,Medium
1696,144,East,In-store,550.86,5,No,1,3,0,51.1,Low
1697,112,West,Agent,650.92,6,No,1,4,0,35.8,Low
1698,191,South,In-store,662.25,12,No,0,2,0,19.3,High
1699,157,West,In-store,828.81,2,Yes,1,5,2,63.8,Low
1700,119,West,Online,366.74,14,Yes,1,4,3,42,Medium
1701,191,East,Agent,746.4,6,No,1,3,0,16.7,Low
1702,171,West,In-store,552.15,6,Yes,0,3,0,20.1,Low
1703,160,East,Agent,803.72,1,No,0,3,0,58,Low
1704,138,North,In-store,991.02,14,No,1,1,2,4.1,High
1705,100,North,In-store,240.62,1,No,0,4,2,71.4,Low
1706,102,East,In-store,994.92,14,Yes,0,2,2,10.3,High
1707,176,North,Online,135.32,11,No,1,3,0,57.5,Medium
1708,191,South,Online,52.2,10,No,0,3,1,29,Low
1709,161,West,Online,91.95,3,No,0,1,1,35.9,Medium
1710,162,South,Agent,374.69,14,Yes,0,2,1,63.5,High
1711,124,West,Agent,651.26,10,No,0,4,3,30.3,Low
1712,155,North,Online,115.58,10,No,0,5,0,39.2,Low
1713,132,South,Agent,55.38,12,No,1,1,1,4.5,High
1714,137,North,In-store,940.24,3,No,0,4,1,1.2,Low
1715,105,West,In-store,830.83,4,Yes,0,5,1,18.4,Low
1716,157,East,In-store,818.72,2,Yes,3,3,0,49.3,Medium
1717,143,East,Online,890.2,9,No,0,3,1,9.6,Low
1718,144,South,Agent,715.03,10,No,0,2,1,9.1,Medium
1719,131,North,Online,149.18,12,No,0,5,0,30.2,Medium
1720,144,North,Agent,429.15,11,No,0,3,3,47,Medium
1721,160,South,In-store,736.99,14,Yes,2,3,2,51.6,Medium
1722,146,East,Online,316.32,7,No,0,2,1,13.7,Medium
1723,120,West,Agent,703.04,7,No,1,4,2,6.7,Low
1724,179,South,Agent,73.27,6,No,0,3,3,67.8,Low
1725,184,West,In-store,340.83,3,No,1,1,3,19.5,Medium
1726,174,East,Online,571.67,6,No,0,1,1,61.6,Medium
1727,135,North,Online,650.49,14,No,0,4,0,62.3,Medium
1728,198,East,Online,598.19,12,No,1,5,3,55.8,Medium
1729,118,South,In-store,712.87,8,No,0,2,2,13,Medium
1730,119,North,Online,55.78,8,No,1,1,2,59.3,Medium
1731,156,South,In-store,145.89,11,No,0,1,2,55.6,High
1732,117,South,In-store,875.5,13,Yes,1,4,2,43.4,Medium
1733,146,East,In-store,697.66,9,No,1,5,3,24.9,Low
1734,148,South,Agent,157.29,1,No,1,5,1,19.6,Low
1735,113,East,Online,849.97,14,No,1,4,1,9.7,Medium
1736,114,North,Online,280.12,1,No,1,1,2,37.2,Medium
1737,130,East,In-store,504.35,3,No,0,2,1,42.6,Medium
1738,100,North,In-store,187.94,3,Yes,0,1,2,26.5,Medium
1739,153,East,Online,724.6,10,No,0,5,2,34.8,Low
1740,102,West,In-store,683.51,8,No,0,1,0,26.8,Medium
1741,115,West,Online,250.56,10,No,1,2,3,46.5,Medium
1742,186,South,Agent,870.23,1,No,1,3,3,65,Low
1743,156,East,In-store,431.24,13,No,0,1,2,12.6,High
1744,174,East,Online,327.89,2,Yes,0,4,3,28.1,Low
1745,111,North,In-store,194.71,2,Yes,0,3,1,11,Low
1746,173,South,Online,302.86,3,No,0,4,2,45.4,Low
1747,195,East,Online,70.93,13,No,0,4,0,52.7,Medium
1748,115,South,In-store,604.09,6,No,0,4,1,67.2,Low
1749,171,West,Agent,850.12,1,Yes,0,1,0,20.8,Medium
1750,175,East,Online,571.53,2,No,0,5,0,68.5,Low
1751,123,East,Online,258.31,13,No,0,3,3,5.5,Medium
1752,127,South,Online,81.99,13,No,0,2,3,43.8,High
1753,107,East,Agent,253.9,1,Yes,2,5,2,5.1,Low
1754,191,South,Agent,445.32,5,Yes,0,1,3,64.5,Medium
1755,135,East,In-store,771.63,13,No,2,4,0,38.6,Medium
1756,189,North,Agent,228.45,13,No,0,2,0,48.5,High
1757,107,South,In-store,733.8,7,No,1,3,1,60,Low
1758,157,East,In-store,873.59,8,Yes,0,5,0,11.7,Low
1759,159,West,Agent,481.25,10,No,1,5,2,3.7,Low
1760,149,East,In-store,830.36,1,No,0,2,2,63.4,Medium
1761,127,West,Agent,576.92,7,No,0,1,3,23.4,Medium
1762,191,West,In-store,655.24,13,No,1,3,3,10.2,Medium
1763,140,North,Agent,549.96,5,No,0,2,3,34.3,Medium
1764,199,South,Agent,490.01,10,Yes,0,4,2,43.5,Low
1765,163,East,In-store,272.92,1,No,0,3,0,3.2,Low
1766,126,North,Online,338.03,3,No,0,5,3,20.5,Low
1767,162,East,In-store,325.47,7,No,1,2,1,3.3,Medium
1768,116,West,Agent,585.12,10,No,0,5,3,30.8,Low
1769,172,South,Online,163.96,1,No,0,5,2,64.6,Low
1770,132,East,In-store,920.95,7,Yes,0,5,3,70.8,Low
1771,183,East,In-store,734.62,5,No,1,1,0,46.2,Medium
1772,176,West,In-store,431.37,1,Yes,0,5,3,12.5,Low
1773,191,East,Online,200.69,1,Yes,0,4,2,65.3,Low
1774,128,East,Agent,887.89,14,No,1,4,2,37.7,Medium
1775,112,West,In-store,832.59,1,No,1,3,1,11.9,Low
1776,145,North,In-store,735.64,11,No,0,5,2,66.4,Medium
1777,134,West,In-store,307.97,9,No,0,5,1,54.8,Low
1778,105,North,In-store,432.32,11,No,0,2,0,53,High
1779,181,South,In-store,147.61,13,No,0,1,2,51.4,High
1780,168,North,Agent,229.59,3,No,0,3,3,15.2,Low
1781,146,North,Agent,793.87,13,No,0,5,0,16,Medium
1782,124,South,In-store,729.29,5,No,0,2,3,49.9,Medium
1783,165,North,Online,613.81,11,No,1,1,3,16.6,High
1784,109,West,Agent,900.94,10,No,1,3,3,32.1,Low
1785,155,North,Online,604.1,12,No,0,3,0,56.5,Medium
1786,129,South,Agent,493.62,9,No,1,5,0,56.7,Low
1787,104,West,In-store,373.35,6,Yes,1,3,2,33.2,Low
1788,132,South,Agent,943.43,12,No,1,2,3,57.2,High
1789,164,South,In-store,128.58,9,Yes,0,3,1,60.5,Low
1790,117,East,Agent,934.34,8,No,1,4,2,47.5,Low
1791,195,East,In-store,835.38,8,No,1,2,0,17.2,Medium
1792,148,South,In-store,173.43,1,No,3,1,1,20.5,High
1793,110,South,In-store,586.74,13,No,1,1,0,23.4,High
1794,184,South,In-store,873.22,9,No,1,5,1,9.3,Low
1795,125,East,Online,593.22,6,No,2,5,2,20.4,Low
1796,162,East,In-store,911.84,9,No,0,4,1,15.9,Low
1797,188,North,Online,945.83,3,No,0,1,2,33.3,Medium
1798,185,North,Online,451.27,12,Yes,0,1,0,65.5,High
1799,158,South,In-store,408.45,3,Yes,1,1,1,8.4,Medium
1800,126,West,Online,939.51,6,No,0,1,3,52.1,Medium
1801,148,West,Agent,691.38,9,No,0,3,3,49.8,Low
1802,176,East,In-store,160.22,7,No,0,2,0,7.8,Medium
1803,132,East,Online,90.18,14,No,0,2,1,66.5,High
1804,197,East,In-store,586.4,13,Yes,1,4,3,41.4,Medium
1805,198,South,In-store,933.66,3,Yes,0,3,2,26.8,Low
1806,100,West,In-store,852.04,3,No,0,1,1,54.7,Medium
1807,120,North,Online,692.06,2,Yes,0,1,1,19.3,Medium
1808,154,South,Agent,182.16,9,No,1,5,3,50.2,Low
1809,105,North,Agent,291.52,13,No,0,5,2,3.8,Medium
1810,191,North,Online,881.74,3,No,0,4,2,60.6,Low
1811,180,South,In-store,223.67,11,Yes,1,1,2,32.8,High
1812,168,North,Online,314.52,5,Yes,1,4,1,46.2,Low
1813,194,West,Online,173.12,14,Yes,0,3,0,16.7,Medium
1814,104,North,Online,692.3,14,No,0,2,1,49.1,High
1815,102,West,In-store,946.78,9,No,1,1,1,55.8,Medium
1816,152,West,Online,305.52,8,No,0,3,3,34.6,Low
1817,122,West,In-store,501.64,2,No,2,1,0,44.9,Medium
1818,152,East,Online,652.62,3,No,0,5,2,33.4,Low
1819,136,North,Agent,999.49,2,Yes,0,4,3,64.5,Low
1820,173,South,Online,149.57,8,No,1,5,1,36.3,Low
1821,173,South,Online,523.64,6,No,0,2,0,60.8,Medium
1822,182,North,Agent,415.86,6,No,0,5,2,57.9,Low
1823,116,East,In-store,872.53,12,No,2,1,2,30.1,High
1824,184,East,In-store,502.17,9,No,0,5,1,17.3,Low
1825,177,West,Online,155.43,8,No,0,1,2,29.8,Medium
1826,172,North,Agent,652.7,4,No,0,2,2,59.7,Medium
1827,100,North,In-store,782.24,12,No,2,5,0,17.2,Medium
1828,150,South,Online,52.74,4,No,0,4,3,38.2,Low
1829,144,North,Agent,866.01,9,No,1,4,0,58.2,Low
1830,176,East,In-store,226.72,1,No,0,4,3,26.1,Low
1831,103,North,In-store,574.47,13,No,0,5,3,46.6,Medium
1832,161,South,Agent,445.01,2,Yes,0,5,3,18.4,Low
1833,164,West,Agent,733.67,2,No,1,5,2,8.8,Low
1834,131,South,Agent,402.6,13,No,0,1,0,57.4,High
1835,133,South,Agent,876.28,13,No,0,2,2,8,High
1836,191,West,Online,743.97,6,No,0,4,1,20.3,Low
1837,194,South,Agent,665.33,4,Yes,0,1,0,61.7,Medium
1838,171,South,In-store,806.43,13,No,0,4,3,25.6,Medium
1839,138,North,In-store,766.32,11,Yes,1,1,2,70.1,High
1840,125,North,Online,84.14,10,No,0,5,2,70.6,Low
1841,133,West,In-store,425,13,No,0,4,0,20,Medium
1842,153,North,In-store,934.27,3,No,1,5,0,3.9,Low
1843,102,North,Agent,169.44,3,No,0,4,3,51.1,Low
1844,149,South,In-store,750.24,3,No,0,3,3,33,Low
1845,111,East,Online,975.86,6,No,0,1,1,8.2,Medium
1846,164,North,Agent,99.59,14,No,0,3,3,51.2,Medium
1847,153,East,Agent,698.08,8,No,1,1,2,3.2,Medium
1848,104,North,Online,494.75,11,No,0,2,1,62.8,High
1849,193,North,Agent,600.22,7,No,1,4,1,10.8,Low
1850,193,West,Agent,131.07,14,Yes,0,2,1,10,High
1851,156,West,Online,90.86,4,No,0,2,0,13.5,Medium
1852,116,West,Agent,683.52,11,No,0,1,3,69.2,High
1853,146,East,Online,832.14,12,No,0,3,1,50.2,Medium
1854,122,South,Online,792.91,4,Yes,1,5,0,57.9,Low
1855,178,North,In-store,566.62,11,No,1,1,0,29.2,High
1856,184,North,In-store,144.87,10,No,0,5,1,24.9,Low
1857,113,North,Agent,703.64,11,Yes,0,2,1,17.6,High
1858,165,East,Agent,279.79,11,No,1,5,2,35.1,Medium
1859,174,West,Online,915.52,14,No,1,3,1,40.2,Medium
1860,150,South,Agent,846.35,11,No,1,1,2,45.9,High
1861,137,East,Online,723.91,2,No,0,3,1,19.3,Low
1862,163,West,Online,951.4,14,No,2,3,1,68.4,Medium
1863,197,East,Agent,79.85,1,Yes,1,1,3,13.1,Medium
1864,137,South,Online,749.39,9,No,1,3,1,69.6,Low
1865,149,West,In-store,363.73,12,No,0,4,1,2.1,Medium
1866,197,East,Agent,910.76,12,No,0,4,2,35.2,Medium
1867,181,South,In-store,303.34,2,No,1,4,2,24.7,Low
1868,129,North,Agent,738.61,13,No,0,5,3,32.9,Medium
1869,178,South,Online,883.76,8,No,0,3,1,41.5,Low
1870,190,North,Agent,89.57,9,Yes,1,1,1,31.9,Medium
1871,150,East,In-store,427.77,4,No,0,1,2,30.5,Medium
1872,162,West,Online,774.19,8,No,1,5,0,53,Low
1873,197,West,Agent,482.17,9,No,1,1,0,49.7,Medium
1874,151,East,Agent,303.89,10,No,1,4,0,60.2,Low
1875,137,West,Agent,258.82,10,Yes,0,3,2,18.7,Low
1876,196,West,In-store,174.94,5,No,1,1,2,44.3,Medium
1877,187,North,In-store,864.27,13,No,1,1,0,42.5,High
1878,178,East,Agent,596.59,14,No,0,2,0,27.3,High
1879,129,South,Online,122.57,7,No,0,2,1,35.5,Medium
1880,150,North,Online,413.45,10,No,1,2,2,23.3,Medium
1881,180,East,In-store,399.35,4,Yes,0,3,2,11.1,Low
1882,104,North,Online,222.65,1,No,0,4,0,16.2,Low
1883,128,South,In-store,463.73,3,Yes,0,4,0,8.5,Low
1884,103,South,Agent,365.49,5,No,0,4,3,49.5,Low
1885,109,East,In-store,374.71,3,No,1,3,2,47.9,Low
1886,155,South,In-store,752.08,12,Yes,1,3,3,68.5,Medium
1887,116,North,Agent,262.1,13,No,1,2,1,52.8,High
1888,173,South,Online,659.77,11,No,0,1,3,4.7,High
1889,116,North,In-store,592.12,7,No,1,5,0,63.8,Low
1890,183,North,In-store,589.69,12,No,2,5,2,62.2,Medium
1891,187,South,Agent,679.86,9,No,0,1,2,32.5,Medium
1892,168,East,Online,570.96,12,No,0,2,3,42.6,High
1893,133,West,In-store,885.29,6,No,0,1,3,70.3,Medium
1894,105,South,Agent,691.8,13,Yes,0,1,1,38.8,High
1895,152,North,In-store,569.62,10,No,0,5,1,65.3,Low
1896,165,North,Agent,838.27,1,No,0,2,0,6.9,Medium
1897,176,South,Online,625.84,7,No,1,3,0,14.6,Low
1898,142,East,Online,326.59,3,No,0,5,0,32.3,Low
1899,174,East,Online,246.74,5,Yes,1,3,3,42.5,Low
1900,122,North,Online,194.71,10,Yes,0,2,3,59,Medium
1901,154,North,In-store,904.48,4,No,0,1,2,71.2,Medium
1902,179,East,In-store,724.63,10,No,2,4,0,28.6,Low
1903,194,West,Online,940.51,5,Yes,1,4,3,4.4,Low
1904,174,South,Online,623.13,5,No,1,2,2,57.9,Medium
1905,115,North,Online,499.73,6,No,1,4,0,43.9,Low
1906,107,North,In-store,106.73,14,No,0,3,1,15.1,Medium
1907,103,East,Online,688.06,10,No,0,4,1,36.1,Low
1908,103,South,Online,603.1,12,Yes,1,2,3,53.7,High
1909,155,East,Online,990.7,10,No,2,2,2,55.7,Medium
1910,124,South,Agent,277.2,13,No,1,3,1,36.5,Medium
1911,166,South,Online,554.2,13,No,3,4,2,22.7,High
1912,195,South,Agent,668.41,11,No,1,4,2,70.1,Medium
1913,166,North,Agent,662.36,6,No,2,1,1,48.1,Medium
1914,126,West,Online,583.23,8,No,1,5,2,30,Low
1915,192,East,Agent,788.08,8,Yes,0,2,1,20.9,Medium
1916,131,West,Online,244.73,11,No,0,1,3,52.9,High
1917,149,East,In-store,739.35,9,No,3,2,0,18.2,High
1918,160,South,In-store,638.75,8,Yes,2,1,0,13.2,Medium
1919,150,North,In-store,901.27,13,No,0,5,3,38.6,Medium
1920,118,West,In-store,854.83,11,Yes,0,1,1,21.6,High
1921,120,North,Agent,349.39,2,No,1,2,1,45.7,Medium
1922,104,East,Online,312.43,14,No,1,4,1,9.4,Medium
1923,181,North,Online,982.57,14,No,1,2,1,47.5,High
1924,191,North,Online,550.9,12,No,0,3,3,21.1,Medium
1925,141,West,In-store,911.1,10,No,1,3,0,1,Low
1926,160,South,In-store,205.69,12,No,1,3,2,10,Medium
1927,121,North,Online,660.68,11,No,1,3,2,67.3,Medium
1928,120,South,In-store,819.37,1,No,0,5,0,62.6,Low
1929,169,East,Online,950.03,10,Yes,0,4,3,17.6,Low
1930,100,North,Online,370.47,2,No,0,4,2,56.3,Low
1931,104,West,Online,738.73,2,Yes,1,2,0,44.2,Medium
1932,111,East,Online,561.87,12,No,2,1,3,69.9,High
1933,189,East,Online,107.6,3,No,0,2,2,27.5,Medium
1934,145,West,Online,705.5,10,Yes,2,2,1,49.4,Medium
1935,133,North,Online,705.59,7,No,0,2,1,5.5,Medium
1936,148,North,In-store,934.08,2,No,1,2,3,29.1,Medium
1937,177,East,Online,522.45,14,No,2,4,1,69.4,Medium
1938,189,North,Online,268.74,1,Yes,0,1,3,39.3,Medium
1939,144,South,In-store,92.34,14,No,0,2,0,21.4,High
1940,126,West,In-store,444.86,6,No,0,4,0,9.5,Low
1941,172,South,In-store,336.82,9,No,1,2,2,51,Medium
1942,125,North,Online,773.03,3,No,0,3,3,46.8,Low
1943,146,East,Agent,386.55,6,No,0,2,2,27.5,Medium
1944,185,West,Agent,951.62,3,Yes,2,2,2,68.5,Medium
1945,155,North,In-store,964.19,14,No,0,5,0,2.6,Medium
1946,193,North,Agent,639.86,13,No,2,3,2,22.6,Medium
1947,162,East,In-store,932.23,1,No,0,1,1,66.4,Medium
1948,147,East,Online,772.81,14,No,0,2,2,23.8,High
1949,160,South,Agent,569.52,13,No,0,1,3,18.9,High
1950,180,West,Online,221.29,12,No,0,3,1,38.9,Medium
1951,125,West,Agent,485.67,5,No,1,2,0,59.5,Medium
1952,135,East,Online,582.83,10,No,1,5,3,8.3,Low
1953,100,South,Agent,870.76,14,No,1,4,1,68,Medium
1954,107,West,Online,507.27,13,No,0,5,3,57.5,Medium
1955,198,East,Online,902.79,11,No,0,5,1,13.9,Medium
1956,151,North,Agent,690.63,4,No,1,4,3,51.6,Low
1957,178,West,Online,180.15,7,No,0,4,3,28.3,Low
1958,146,South,Online,995.23,6,No,0,4,1,29.6,Low
1959,155,South,Online,550.87,10,No,1,2,0,56.6,Medium
1960,185,South,Agent,422.27,7,No,1,1,0,69.4,Medium
1961,113,North,Agent,676.16,5,No,1,1,3,10,Medium
1962,189,West,Online,153.45,4,Yes,1,4,3,30.9,Low
1963,127,West,Online,654.71,7,Yes,0,5,0,35.1,Low
1964,186,North,Agent,523.32,7,No,1,3,0,27.7,Low
1965,177,West,Agent,436.34,6,No,0,4,2,26.8,Low
1966,187,North,Online,955.37,8,No,0,5,0,4.7,Low
1967,101,North,Online,546.41,4,No,0,5,3,49.7,Low
1968,125,North,Online,258.16,10,No,1,2,1,32,Medium
1969,113,South,In-store,486.02,5,Yes,0,2,0,14.8,Medium
1970,158,West,Agent,923.42,4,No,1,1,2,58.9,Medium
1971,155,North,In-store,217.29,12,Yes,0,1,2,58,High
1972,106,West,Agent,253.26,1,Yes,0,3,2,35.5,Low
1973,102,South,Agent,62.38,12,No,3,3,1,22.2,High
1974,122,North,Agent,63.48,8,No,1,3,0,46.3,Low
1975,117,East,Agent,837.92,1,Yes,0,3,0,21.5,Low
1976,137,South,Agent,745.52,5,No,0,5,0,17.8,Low
1977,198,East,Agent,387.29,6,No,0,5,1,52.9,Low
1978,114,West,Agent,713.4,6,No,0,1,1,3.9,Medium
1979,163,West,In-store,425.45,13,No,0,2,3,7.7,High
1980,188,South,Online,955.25,5,No,0,2,2,1.5,Medium
1981,127,West,Online,968.7,3,Yes,0,4,2,11.9,Low
1982,173,East,In-store,423.15,5,No,1,5,0,5.9,Low
1983,138,North,In-store,861.51,12,Yes,1,3,1,71.7,Medium
1984,156,North,In-store,784.43,8,Yes,1,3,1,21.5,Low
1985,116,North,In-store,344.5,14,No,0,4,0,11.6,Medium
1986,185,South,Agent,270.44,2,No,0,2,0,18.1,Medium
1987,189,West,Online,485.32,6,No,1,3,3,67.5,Low
1988,143,East,Agent,792.28,9,No,0,2,2,37.9,Medium
1989,124,West,Online,962.16,8,No,0,4,2,26.9,Low
1990,116,West,Online,775.4,14,Yes,1,2,2,63,High
1991,112,West,In-store,862.45,11,Yes,0,2,3,29,High
1992,183,North,Agent,622.91,8,Yes,0,2,0,24.8,Medium
1993,124,East,In-store,843.64,8,Yes,0,3,0,15.7,Low
1994,167,East,Agent,795.2,13,No,1,1,2,27.8,High
1995,109,West,Online,408.14,7,No,1,5,2,23.5,Low
1996,166,North,In-store,574.39,8,Yes,0,2,3,49.1,Medium
1997,117,North,In-store,814.52,13,No,0,2,1,21.6,High
1998,199,East,Online,93.75,6,No,2,2,1,42,Medium
1999,185,North,Online,817.68,2,No,1,1,2,5.7,Medium
